company_name,sector,state,city,phone,email,website,priority_score,pipeline_stage,last_contacted,outreach_channel
WRP Asia Pacific Sdn Bhd,Manufacturing,Selangor,,,,,100,not_contacted,,
Palm oil sector - multiple companies,Plantation,Various,,,,,100,not_contacted,,
Boustead Plantations Bhd,Plantation,Kuala Lumpur,KL,,,https://www.bousteadplantations.com,95,not_contacted,,
Kulim (M) Bhd,Plantation,Johor,Johor Bahru,62316894531,info@kulim.com.my,https://www.kulim.com.my,95,not_contacted,,
IJM Plantations Bhd,Plantation,Selangor,Petaling Jaya,,,https://www.ijmplantations.com.my,95,not_contacted,,
TH Plantations Bhd,Plantation,Kuala Lumpur,KL,,,https://www.thplantations.com.my,95,not_contacted,,
VS Industry Bhd,Manufacturing,Johor,,,,,85,not_contacted,,
Inari Amertron Bhd,E&E,Penang,,,,,85,not_contacted,,
Unisem (M) Bhd,E&E,Perak,,,,,85,not_contacted,,
FGV Holdings Bhd,Plantation,KL,,+603-2789 0000,hr@fgv.com.my,,85,not_contacted,,
Genting Malaysia Bhd,Hospitality,KL,,+603-2718 1118,career@gentingmalaysia.com,,85,not_contacted,,
AEON (M) Bhd,Retail,KL,,,,,85,not_contacted,,
Genting Plantations Bhd,Plantation,KL,,+603-2333 1888,hr@gentingplantations.com,,85,not_contacted,,
PIE Industrial Bhd,E&E,Penang,,,,,85,not_contacted,,
SKP Resources Bhd,Manufacturing,Johor,,,,,85,not_contacted,,
AIC Semiconductor Sdn Bhd,E&E,Penang,Bayan Lepas,260617113147,,https://www.aicsemi.com,85,not_contacted,,
Acutronic Malaysia Sdn Bhd,E&E,Penang,Bayan Lepas,011-2020,aus@acutronic.com,https://www.acutronic.com,85,not_contacted,,
Align Technology Malaysia Sdn Bhd,E&E,Penang,Bayan Lepas,087-9574-76935,,https://www.aligntech.com,85,not_contacted,,
BE Semiconductor Malaysia Sdn Bhd,E&E,Penang,Batu Kawan,012866412-,info@proudnerds.com,https://www.besi.com,85,not_contacted,,
Bose Systems Malaysia Sdn Bhd,E&E,Penang,Bayan Lepas,897226,,https://www.bose.com,85,not_contacted,,
Bruker Malaysia Sdn Bhd,E&E,Penang,Bayan Lepas,520904242,,https://www.bruker.com,85,not_contacted,,
Clover Electronics Sdn Bhd,E&E,Penang,Bayan Lepas,,,https://www.clover.com.my,85,not_contacted,,
Dell Global Business Center Sdn Bhd,E&E,Penang,Bayan Lepas,013 6 6 1,,https://www.dell.com,85,not_contacted,,
Dyson Manufacturing Sdn Bhd,E&E,Johor,Senai,5478349583,,https://www.dyson.com,85,not_contacted,,
Flextronics Technology (M) Sdn Bhd,E&E,Johor,Johor Bahru,2026-07-09,,https://www.flextronics.com,85,not_contacted,,
Hewlett Packard (M) Sdn Bhd,E&E,Penang,Bayan Lepas,07-2026 08,,https://www.hp.com,85,not_contacted,,
Hitachi Global Storage Technologies,E&E,Selangor,Petaling Jaya,2025-03-04,,https://www.hitachi.com,85,not_contacted,,
Hong Leong Group,Manufacturing,Kuala Lumpur,KL,2024-08-26,,https://www.hongleong.com,85,not_contacted,,
Intel Malaysia Sdn Bhd,E&E,Penang,Bayan Lepas,,,https://www.intel.com,85,not_contacted,,
Jabil Circuit Sdn Bhd,E&E,Penang,Bayan Lepas,04277 196,,https://www.jabil.com,85,not_contacted,,
Keysight Technologies Malaysia,E&E,Penang,Bayan Lepas,71960064,usa_orders@keysight.com,https://www.keysight.com,85,not_contacted,,
Lam Research Malaysia Sdn Bhd,E&E,Penang,Bayan Lepas,2025-11-04,,https://www.lamresearch.com,85,not_contacted,,
Lattice Semiconductor Sdn Bhd,E&E,Penang,Bayan Lepas,8767481924,,https://www.latticesemi.com,85,not_contacted,,
Mitsumi Electric Sdn Bhd,E&E,Selangor,Shah Alam,,,https://www.mitsumi.com,85,not_contacted,,
NXP Semiconductor Sdn Bhd,E&E,Selangor,Petaling Jaya,,,https://www.nxp.com,85,not_contacted,,
Olympus Electronic Components Sdn Bhd,E&E,Sarawak,Kuching,241028,,https://www.olympus.com,85,not_contacted,,
ON Semiconductor Malaysia Sdn Bhd,E&E,Selangor,Petaling Jaya,,contactsupport@onsemi.com,https://www.onsemi.com,85,not_contacted,,
Osram Opto Semiconductors (M) Sdn Bhd,E&E,Penang,Bayan Lepas,78603491,,https://www.osram.com,85,not_contacted,,
Plexus Manufacturing Sdn Bhd,E&E,Penang,Bayan Lepas,2025-12-17,roger.davidson@americaneagle.com,https://www.plexus.com,85,not_contacted,,
Renesas Semiconductor KL Sdn Bhd,E&E,Kuala Lumpur,KL,07749-075,,https://www.renesas.com,85,not_contacted,,
Robert Bosch Malaysia Sdn Bhd,E&E,Penang,Bayan Lepas,012-4856-4,,https://www.bosch.com.my,85,not_contacted,,
Seagate Technology Malaysia,E&E,Penang,Bayan Lepas,0354627 18,,https://www.seagate.com,85,not_contacted,,
Siliconware Precision Industries (M),E&E,Penang,Bayan Lepas,,,https://www.spil.com.my,85,not_contacted,,
Texas Instruments Malaysia Sdn Bhd,E&E,Selangor,Petaling Jaya,026-06-30 09,,https://www.ti.com,85,not_contacted,,
Western Digital (M) Sdn Bhd,E&E,Selangor,Petaling Jaya,026-05-14-,PDL-Web-IT-Monitoring@wdc.com,https://www.westerndigital.com,85,not_contacted,,
Venture Electronics Services (M),E&E,Penang,Bayan Lepas,,contact-us@venture.com,https://www.venture.com.sg,85,not_contacted,,
Tradewinds Plantation Bhd,Plantation,Selangor,,,,www.tradewinds.com.my,85,not_contacted,,
Chin Teck Plantations Bhd,Plantation,Perak,,,,www.chinteck.com.my,85,not_contacted,,
Teck Guan Perdana Bhd,Plantation,Sabah,,,,www.teckguan.com,85,not_contacted,,
Sri Neringa Sdn Bhd,Plantation,Sabah,,,,,85,not_contacted,,
Sawit Kinabalu Sdn Bhd,Plantation,Sabah,,,,,85,not_contacted,,
Kretam Holdings Bhd,Plantation,Sabah,,,,,85,not_contacted,,
Global Palm Resources,Plantation,Sabah,,,,,85,not_contacted,,
Able Global Bhd,Plantation,Perak,,,,,85,not_contacted,,
Menggatal Plantation S/B,Plantation,Sabah,,,,,85,not_contacted,,
Rimbunan Sawit Bhd,Plantation,Sarawak,,,,www.rimbunan.com.my,85,not_contacted,,
TDM Bhd,Plantation,Terengganu,,,,www.tdm.com.my,85,not_contacted,,
NPC Resources Bhd,Plantation,Sabah,,,,,85,not_contacted,,
Willowglen MSC Bhd,Plantation,Sabah,,,,,85,not_contacted,,
Lim Plantation Sdn Bhd,Plantation,Selangor,,,,,85,not_contacted,,
Bukit Katil Estate S/B,Plantation,Malacca,,,,,85,not_contacted,,
Pertama Plantation Sdn Bhd,Plantation,Perak,,,,,85,not_contacted,,
Mukah Plantation Sdn Bhd,Plantation,Sarawak,,,,,85,not_contacted,,
Sabah Softwood Sdn Bhd,Plantation,Sabah,,,,,85,not_contacted,,
Borneo Wood Products S/B,Plantation,Sarawak,,,,,85,not_contacted,,
Samling Global Sdn Bhd,Plantation,Sarawak,,,,www.samling.com.my,85,not_contacted,,
KTS Plantation Sdn Bhd,Plantation,Sarawak,,,,www.kts.com.my,85,not_contacted,,
Shin Yang Plantation S/B,Plantation,Sarawak,,,,,85,not_contacted,,
Pulau Burung Plantation,Plantation,Penang,,,,,85,not_contacted,,
Sungai Koyan Plantation,Plantation,Pahang,,,,,85,not_contacted,,
Inari Amertron Bhd,Electrical & Electronics,Penang,Bayan Lepas,,,https://www.inari-amertron.com.my,80,not_contacted,,
Unisem (M) Bhd,Electrical & Electronics,Perak,Ipoh,2019-03-13,,https://www.unisemgroup.com,80,not_contacted,,
VS Industry Bhd,Electrical & Electronics,Johor,Senai,07259736-1,,https://www.vs-i.com,80,not_contacted,,
SKP Resources Bhd,Electrical & Electronics,Johor,Johor Bahru,,,https://www.skp.com.my,80,not_contacted,,
Greatech Technology Bhd,Electrical & Electronics,Penang,Bayan Lepas,,,https://www.greatech.com.my,80,not_contacted,,
Pentamaster Corp Bhd,Electrical & Electronics,Penang,Bayan Lepas,89042565100,penta-online@pentamaster.com.my,https://www.pentamaster.com.my,80,not_contacted,,
PIE Industrial Bhd,Electrical & Electronics,Penang,Bayan Lepas,,,https://www.pieindustrial.com,80,not_contacted,,
KESM Industries Bhd,Electrical & Electronics,Penang,Bayan Lepas,,,https://www.kesm.com.my,80,not_contacted,,
Globetronics Technology Bhd,Electrical & Electronics,Penang,Bayan Lepas,+604-6444906,corporate@globetronics.com.my,https://www.globetronics.com.my,80,not_contacted,,
Frontken Corp Bhd,Electrical & Electronics,Selangor,Shah Alam,+60 3 7625 1381,ir@frontken.com,https://www.frontken.com,80,not_contacted,,
Top Glove Corp Bhd,Rubber,Selangor,Shah Alam,+603-3362 3098,hr@topglove.com,https://www.topglove.com,80,not_contacted,,
Hartalega Holdings Bhd,Rubber,Selangor,Sepang,+603-3326 8668,career@hartalega.com.my,https://www.hartalega.com.my,80,not_contacted,,
Kossan Rubber Industries Bhd,Rubber,Selangor,Klang,+603-3321 2888,hr@kossan.com.my,https://www.kossan.com.my,80,not_contacted,,
Supermax Corp Bhd,Rubber,Selangor,Kuala Selangor,+603-3342 8688,hr@supermax.com.my,https://www.supermax.com.my,80,not_contacted,,
Rubberex Corp Bhd,Rubber,Selangor,Petaling Jaya,,,https://www.rubberex.com.my,80,not_contacted,,
FGV Holdings Bhd,Plantation,Kuala Lumpur,KL,+603-2789 0000,hr@fgv.com.my,https://www.fgv.com.my,80,not_contacted,,
Sime Darby Plantation Bhd,Plantation,Selangor,Petaling Jaya,+603-2087 7000,hr@simedarbyplantation.com,https://www.simedarbyplantation.com,80,not_contacted,,
IOI Corp Bhd,Plantation,Putrajaya,Putrajaya,+603-8947 8888,career@ioigroup.com,https://www.ioigroup.com,80,not_contacted,,
KL Kepong Bhd,Plantation,Selangor,Petaling Jaya,+603-7806 8000,hr@klk.com.my,https://www.klk.com.my,80,not_contacted,,
Genting Plantations Bhd,Plantation,Kuala Lumpur,KL,+603-2333 1888,hr@gentingplantations.com,https://www.gentingplantations.com,80,not_contacted,,
TSH Resources Bhd,Plantation,Selangor,Petaling Jaya,,,https://www.tsh.com.my,80,not_contacted,,
D&O Green Technologies Bhd,Electrical & Electronics,Penang,Bayan Lepas,,,https://www.dngreen.com,80,not_contacted,,
ATA IMS Bhd,Electrical & Electronics,Johor,Johor Bahru,,,https://www.ata-ims.com,80,not_contacted,,
Uchi Technologies Bhd,Electrical & Electronics,Penang,Bayan Lepas,,,https://www.uchi.com.my,80,not_contacted,,
Bosch Malaysia,Electrical & Electronics,Selangor,Shah Alam,,,https://www.bosch.com.my,80,not_contacted,,
Micron Technology Malaysia,Electrical & Electronics,Penang,Batu Kawan,,,https://www.micron.com,80,not_contacted,,
Careplus Group Bhd,Rubber,Negeri Sembilan,Seremban,,,https://www.careplusgroup.com,80,not_contacted,,
Hap Seng Plantations Bhd,Plantation,Sabah,Tawau,,,https://www.hapsengplantations.com.my,80,not_contacted,,
United Plantations Bhd,Plantation,Perak,Teluk Intan,,,https://www.unitedplantations.com,80,not_contacted,,
Ta Ann Holdings Bhd,Plantation,Sarawak,Sibu,,,https://www.taann.com.my,80,not_contacted,,
Sarawak Oil Palms Bhd,Plantation,Sarawak,Miri,,,https://www.sop.com.my,80,not_contacted,,
Kim Loong Resources Bhd,Plantation,Johor,Muar,,,https://www.kimloong.com.my,80,not_contacted,,
Advanced Interconnect Technologies Sdn Bhd,E&E,Penang,Bayan Lepas,,,,80,not_contacted,,
Advanced Micro Devices (M) Sdn Bhd,E&E,Penang,Bayan Lepas,,,,80,not_contacted,,
Agilent Technologies Malaysia,E&E,Penang,Bayan Lepas,,,,80,not_contacted,,
Altera Corp (M) Sdn Bhd,E&E,Penang,Bayan Lepas,,,,80,not_contacted,,
Avago Technologies (M) Sdn Bhd,E&E,Penang,Bayan Lepas,,,,80,not_contacted,,
Bosch Global Software Technologies,E&E,Penang,Bayan Lepas,,,,80,not_contacted,,
Broadcom Malaysia Sdn Bhd,E&E,Penang,Bayan Lepas,,,,80,not_contacted,,
Clare Electronics Sdn Bhd,E&E,Penang,Bayan Lepas,,,,80,not_contacted,,
Cypress Semiconductor Malaysia,E&E,Penang,Bayan Lepas,,,,80,not_contacted,,
Fairchild Semiconductor Malaysia,E&E,Penang,Bayan Lepas,,,,80,not_contacted,,
Flexronics Malaysia Sdn Bhd,E&E,Penang,Bayan Lepas,,,,80,not_contacted,,
Infineon Technologies (Kulim),E&E,Kedah,Kulim,,,,80,not_contacted,,
Intel Microelectronics (M) Sdn Bhd,E&E,Penang,Bayan Lepas,,,,80,not_contacted,,
JinkoSolar Technology Sdn Bhd,E&E,Kedah,Kulim,,,,80,not_contacted,,
KLA-Tencor (Malaysia) Sdn Bhd,E&E,Penang,Bayan Lepas,,,,80,not_contacted,,
Lumentum Operations Malaysia,E&E,Penang,Bayan Lepas,,,,80,not_contacted,,
Marvell Malaysia Sdn Bhd,E&E,Penang,Bayan Lepas,,,,80,not_contacted,,
Motorola Solutions Malaysia,E&E,Penang,Bayan Lepas,,,,80,not_contacted,,
National Instruments Malaysia,E&E,Penang,Bayan Lepas,,,,80,not_contacted,,
Nidec Malaysia Sdn Bhd,E&E,Penang,Bayan Lepas,,,,80,not_contacted,,
Nordson Electronics Solutions,E&E,Penang,Bayan Lepas,,,,80,not_contacted,,
Paramit Malaysia Sdn Bhd,E&E,Penang,Bayan Lepas,,,,80,not_contacted,,
Rohm-Wako Electronics (M) Sdn Bhd,E&E,Penang,Bayan Lepas,,,,80,not_contacted,,
Sanken Electric (M) Sdn Bhd,E&E,Selangor,Shah Alam,,,,80,not_contacted,,
Shinko Electric Industries (M) Sdn Bhd,E&E,Penang,Bayan Lepas,,,,80,not_contacted,,
TDK Malaysia Sdn Bhd,E&E,Penang,Bayan Lepas,,,,80,not_contacted,,
Teradyne (M) Sdn Bhd,E&E,Penang,Bayan Lepas,,,,80,not_contacted,,
Universal Instruments (M) Sdn Bhd,E&E,Penang,Bayan Lepas,,,,80,not_contacted,,
Vitrox Corp Bhd,E&E,Penang,Bayan Lepas,,,,80,not_contacted,,
X-FAB Semiconductor Foundries,E&E,Sarawak,Kuching,,,,80,not_contacted,,
UWC Bhd,E&E,Penang,,,,www.uwc.com.my,80,not_contacted,,
Panasonic Manufacturing M'sia,E&E,Selangor,,,,www.panasonic.com.my,80,not_contacted,,
Samsung Malaysia Electronics,E&E,Selangor,,,,www.samsung.com.my,80,not_contacted,,
Sharp Electronics Malaysia,E&E,Selangor,,,,www.sharp.com.my,80,not_contacted,,
Daikin Malaysia Sdn Bhd,E&E,Selangor,,,,www.daikin.com.my,80,not_contacted,,
Panasonic Air-Con M'sia,E&E,Selangor,,,,,80,not_contacted,,
Gree Electric Malaysia,E&E,Selangor,,,,,80,not_contacted,,
LG Electronics Malaysia,E&E,Selangor,,,,www.lg.com.my,80,not_contacted,,
Sony Malaysia Sdn Bhd,E&E,Selangor,,,,www.sony.com.my,80,not_contacted,,
TAHPS Group Bhd,Construction,Kuala Lumpur,KL,,,https://www.tahps.com,75,not_contacted,,
MTD Group,Construction,Kuala Lumpur,KL,,,https://www.mtdgroup.com,75,not_contacted,,
Mahanagroup,Construction,Kuala Lumpur,KL,,,https://www.mahanagroup.com,75,not_contacted,,
UEM Group Bhd,Construction,Kuala Lumpur,KL,,,https://www.uem.com.my,75,not_contacted,,
Pembinaan Kuantiti Sdn Bhd,Construction,Selangor,Shah Alam,,,,75,not_contacted,,
Pembinaan Yap Sin Sdn Bhd,Construction,Selangor,Klang,,,,75,not_contacted,,
Bina Puri Holdings Bhd,Construction,Kuala Lumpur,KL,,,https://www.binapuri.com,75,not_contacted,,
Hock Heng Seng Construction,Construction,Johor,Johor Bahru,,,,75,not_contacted,,
Loh & Loh Construction Bhd,Construction,Kuala Lumpur,KL,,,https://www.lohloh.com,75,not_contacted,,
Muhibbah Engineering (M) Bhd,Construction,Selangor,Petaling Jaya,,,https://www.muhibbah.com,75,not_contacted,,
HSL Engineering,Construction,Sarawak,Kuching,,,,75,not_contacted,,
Pintaras Jaya Bhd,Construction,Selangor,Petaling Jaya,,,https://www.pintaras.com.my,75,not_contacted,,
GDB Holdings Bhd,Construction,Selangor,Petaling Jaya,,,https://www.gdb.com.my,75,not_contacted,,
AZRB Bhd,Construction,Kuala Lumpur,KL,,,https://www.azrb.com.my,75,not_contacted,,
TRC Synergy Bhd,Construction,Kuala Lumpur,KL,,,https://www.trc.com.my,75,not_contacted,,
Perak Transit Bhd,Construction,Perak,Ipoh,,,https://www.peraktransit.com,75,not_contacted,,
Celestica Malaysia Sdn Bhd,E&E,Johor,Senai,,,,75,not_contacted,,
Sanmina Malaysia Sdn Bhd,E&E,Johor,Johor Bahru,,,,75,not_contacted,,
Kitacon Group Bhd,Construction,Johor,Johor Bahru,,,,75,not_contacted,,
Liemy Corp Bhd,Construction,Johor,Johor Bahru,,,,75,not_contacted,,
PCB Factory (various),Manufacturing,Johor,Pasir Gudang,,,,75,not_contacted,,
Malaysian Pacific Industries,Manufacturing,Penang,,,,www.mpi.com.my,75,not_contacted,,
Carlo Rino Group Bhd,Manufacturing,KL,,,,www.carlorino.com,75,not_contacted,,
Hup Seng Industries Bhd,Manufacturing,Johor,,,,www.hupseng.com.my,75,not_contacted,,
AEMulus Holdings Bhd,Manufacturing,Penang,,,,www.aemulus.com.my,75,not_contacted,,
K. Seng Seng Corp Bhd,Manufacturing,Johor,,,,,75,not_contacted,,
Luster Industries Bhd,Manufacturing,Selangor,,,,www.luster.com.my,75,not_contacted,,
Dufu Technology Corp Bhd,Manufacturing,Penang,,,,www.dufu.com.my,75,not_contacted,,
P.A. Resources Bhd,Manufacturing,Johor,,,,www.paresources.com,75,not_contacted,,
Suiwah Corp Bhd,Manufacturing,Johor,,,,www.suiwah.com.my,75,not_contacted,,
Poh Huat Resources Bhd,Manufacturing,Johor,,,,www.pohhuat.com.my,75,not_contacted,,
Poh Kong Holdings Bhd,Manufacturing,Selangor,,,,www.pohkong.com.my,75,not_contacted,,
Tomei Consolidated Bhd,Manufacturing,KL,,,,www.tomei.com.my,75,not_contacted,,
Bonia Corp Bhd,Manufacturing,KL,,,,www.bonia.com,75,not_contacted,,
Magna Prima Bhd,Manufacturing,KL,,,,,75,not_contacted,,
Guan Chong Bhd,Manufacturing,Johor,,,,www.guanchong.com,75,not_contacted,,
Oriental Food Industries,Manufacturing,Johor,,,,www.ofi.com.my,75,not_contacted,,
Kawan Food Bhd,Manufacturing,Selangor,,,,www.kawanfood.com,75,not_contacted,,
Ajinomoto (M) Bhd,Manufacturing,KL,,,,www.ajinomoto.com.my,75,not_contacted,,
Nestle (M) Bhd,Manufacturing,Selangor,,,,www.nestle.com.my,75,not_contacted,,
F&N Holdings Bhd,Manufacturing,KL,,,,www.fn.com.my,75,not_contacted,,
Carlsberg Brewery M'sia,Manufacturing,Selangor,,,,www.carlsberg.com.my,75,not_contacted,,
Heineken Malaysia Bhd,Manufacturing,Selangor,,,,www.heinekenmalaysia.com,75,not_contacted,,
Dutch Lady Milk Industries,Manufacturing,Selangor,,,,www.dutchlady.com.my,75,not_contacted,,
Fraser & Neave Holdings,Manufacturing,KL,,,,www.fn.com.my,75,not_contacted,,
Spritzer Bhd,Manufacturing,Perak,,,,www.spritzer.com.my,75,not_contacted,,
Power Root Bhd,Manufacturing,Johor,,,,www.powerroot.com.my,75,not_contacted,,
AHB Holdings Bhd,Manufacturing,Selangor,,,,,75,not_contacted,,
Lingui Developments Bhd,Manufacturing,Sarawak,,,,,75,not_contacted,,
WTK Holdings Bhd,Manufacturing,Sarawak,,,,www.wtk.com.my,75,not_contacted,,
Subur Tiasa Holdings Bhd,Manufacturing,Sarawak,,,,www.suburtiasa.com,75,not_contacted,,
Jaya Tiasa Holdings Bhd,Manufacturing,Sarawak,,,,www.jayatiasa.com.my,75,not_contacted,,
Petronas Chemicals Group,Manufacturing,KL,,,,www.petronas.com.my,75,not_contacted,,
Lotte Chemical Titan,Manufacturing,Johor,,,,www.lottechem.com,75,not_contacted,,
Press Metal Aluminium,Manufacturing,Sarawak,,,,www.pressmetal.com,75,not_contacted,,
Southern Steel Bhd,Manufacturing,Penang,,,,www.southernsteel.com,75,not_contacted,,
Malaysia Steel Works,Manufacturing,Selangor,,,,www.masteel.com.my,75,not_contacted,,
Ann Joo Resources Bhd,Manufacturing,Penang,,,,www.annjoo.com.my,75,not_contacted,,
Choo Bee Metal Industries,Manufacturing,Selangor,,,,www.choobee.com.my,75,not_contacted,,
Lion Industries Corp,Manufacturing,KL,,,,www.lionind.com.my,75,not_contacted,,
CSC Steel Holdings,Manufacturing,Selangor,,,,www.cscsteel.com.my,75,not_contacted,,
Thong Guan Industries,Manufacturing,Penang,,,,www.thongguan.com,75,not_contacted,,
SCGM Bhd,Manufacturing,Johor,,,,www.scgm.com.my,75,not_contacted,,
BP Plastics Holding Bhd,Manufacturing,Johor,,,,www.bppplastics.com,75,not_contacted,,
Mega First Corp Bhd,Manufacturing,Selangor,,,,www.megafirst.com,75,not_contacted,,
Kian Joo Can Factory,Manufacturing,Selangor,,,,www.kianjoo.com.my,75,not_contacted,,
Sam Engineering & Equipment,Manufacturing,Penang,,,,www.sammee.com,75,not_contacted,,
Engtex Group Bhd,Manufacturing,Selangor,,,,www.engtex.com.my,75,not_contacted,,
Karex Bhd,Manufacturing,Selangor,,,,www.karex.com,75,not_contacted,,
OldTown White Coffee,Manufacturing,Perak,,,,www.oldtown.com.my,75,not_contacted,,
Tealive / Loob Holdings,Manufacturing,Selangor,,,,www.tealive.com.my,75,not_contacted,,
ZUS Coffee,Manufacturing,Selangor,,,,www.zuscoffee.com,75,not_contacted,,
Secret Recipe Cakes & Cafe,Manufacturing,Selangor,,,,www.secretrecipe.com.my,75,not_contacted,,
Mamee-Double Decker Bhd,Manufacturing,Malacca,,,,www.mamee.com.my,75,not_contacted,,
Apollo Food Holdings Bhd,Manufacturing,Johor,,,,www.apollo.com.my,75,not_contacted,,
Khee San Bhd,Manufacturing,Selangor,,,,,75,not_contacted,,
Edaran Bhd,Manufacturing,Selangor,,,,,75,not_contacted,,
UMW Holdings Bhd,Manufacturing,Selangor,,,,www.umw.com.my,75,not_contacted,,
MBM Resources Bhd,Manufacturing,KL,,,,www.mbmr.com.my,75,not_contacted,,
APM Automotive Holdings,Manufacturing,Selangor,,,,www.apm.com.my,75,not_contacted,,
Thong Guan Industries Bhd,Manufacturing,Penang,,,,www.thongguan.com,75,not_contacted,,
Warisan TC Holdings Bhd,Manufacturing,KL,,,,www.warisantc.com.my,75,not_contacted,,
Citra Nusa Holdings Bhd,Manufacturing,Johor,,,,,75,not_contacted,,
Metronic Global Bhd,Manufacturing,KL,,,,www.metronic.com.my,75,not_contacted,,
ILB Group Bhd,Manufacturing,KL,,,,,75,not_contacted,,
KNM Group Bhd,Manufacturing,Selangor,,,,www.knm.com.my,75,not_contacted,,
RGB International Bhd,Manufacturing,KL,,,,www.rgbint.com,75,not_contacted,,
Mycron Steel Bhd,Manufacturing,Selangor,,,,www.mycronsteel.com,75,not_contacted,,
Sinergia Perdana Bhd,Manufacturing,KL,,,,,75,not_contacted,,
Borneo Pulp & Paper S/B,Manufacturing,Sarawak,,,,,75,not_contacted,,
Hiap Teck Venture Bhd,Manufacturing,Penang,,,,www.hiaptek.com.my,75,not_contacted,,
Leader Steel Holdings Bhd,Manufacturing,Penang,,,,www.leadersteel.com.my,75,not_contacted,,
Kim Hin Industry Bhd,Manufacturing,Sarawak,,,,www.kimhin.com.my,75,not_contacted,,
Guocera Bhd,Manufacturing,Selangor,,,,www.guocera.com.my,75,not_contacted,,
Chin Well Holdings Bhd,Manufacturing,Penang,,,,www.chinwell.com.my,75,not_contacted,,
SYF Resources Bhd,Manufacturing,Perak,,,,www.syf.com.my,75,not_contacted,,
PGF Capital Bhd,Manufacturing,Selangor,,,,www.pgf.com.my,75,not_contacted,,
Lion Industries Corp Bhd,Manufacturing,KL,,,,www.lionind.com.my,75,not_contacted,,
Malaysia Steel Works Bhd,Manufacturing,Selangor,,,,www.masteel.com.my,75,not_contacted,,
Press Metal Bhd,Manufacturing,Sarawak,,,,www.pressmetal.com,75,not_contacted,,
Lotte Chemical Titan Bhd,Manufacturing,Johor,,,,www.lottechem.com,75,not_contacted,,
Hengyuan Refining Co Bhd,Manufacturing,Selangor,,,,www.hengyuan.com.my,75,not_contacted,,
Petron Malaysia Bhd,Manufacturing,KL,,,,www.petron.com.my,75,not_contacted,,
Shell Malaysia Trading,Manufacturing,KL,,,,www.shell.com.my,75,not_contacted,,
Chevron Malaysia Sdn Bhd,Manufacturing,KL,,,,www.chevron.com,75,not_contacted,,
Poh Leong Holdings Sdn Bhd,Manufacturing,Johor,,,,,75,not_contacted,,
Syarikat Sebani Sdn Bhd,Manufacturing,Kedah,,,,,75,not_contacted,,
Malaysian Mosaics Sdn Bhd,Manufacturing,Selangor,,,,,75,not_contacted,,
White Horse Bhd,Manufacturing,Perak,,,,www.whitehorse.com.my,75,not_contacted,,
Kotra Industries Bhd,Manufacturing,Penang,,,,www.kotra.com.my,75,not_contacted,,
YSP Southeast Asia Bhd,Manufacturing,Selangor,,,,www.ysp.com.my,75,not_contacted,,
Hovid Bhd,Manufacturing,Perak,,,,www.hovid.com.my,75,not_contacted,,
Bioalpha Holdings Bhd,Manufacturing,Selangor,,,,www.bioalpha.com.my,75,not_contacted,,
Hai-O Enterprise Bhd,Manufacturing,KL,,,,www.hai-o.com.my,75,not_contacted,,
Gamuda Bhd,Construction,Selangor,Petaling Jaya,+603-2096 6000,hr@gamuda.com.my,https://www.gamuda.com.my,70,not_contacted,,
IJM Corp Bhd,Construction,Selangor,Petaling Jaya,+603-7985 8888,career@ijm.com,https://www.ijm.com,70,not_contacted,,
Sunway Construction Bhd,Construction,Selangor,Petaling Jaya,,,https://www.sunwayconstruction.com,70,not_contacted,,
MRCB,Construction,Kuala Lumpur,KL,+603-2614 8000,career@mrcb.com,https://www.mrcb.com,70,not_contacted,,
WCT Holdings Bhd,Construction,Selangor,Petaling Jaya,,,https://www.wct.com.my,70,not_contacted,,
Kimlun Corp Bhd,Construction,Johor,Johor Bahru,,,https://www.kimlun.com,70,not_contacted,,
Hock Seng Lee Bhd,Construction,Sarawak,Kuching,,,https://www.hsl.com.my,70,not_contacted,,
Lii Hen Industries Bhd,Furniture,Melaka,Alor Gajah,,,https://www.liihen.com,70,not_contacted,,
Latitude Tree Holdings Bhd,Furniture,Selangor,Rawang,,,https://www.latitudetree.com,70,not_contacted,,
Homeritz Corp Bhd,Furniture,Johor,Muar,,,https://www.homeritz.com,70,not_contacted,,
Poh Huat Resources Holdings Bhd,Furniture,Kedah,Kulim,,,https://www.pohhuat.com.my,70,not_contacted,,
QL Resources Bhd,Agriculture,Penang,Bagan Serai,,,https://www.ql.com.my,70,not_contacted,,
CAB Cakaran Corp Bhd,Agriculture,Penang,Perai,,,https://www.cabcakaran.com,70,not_contacted,,
AEON (M) Bhd,Retail,Kuala Lumpur,KL,,,https://www.aeonretail.com.my,70,not_contacted,,
MR D.I.Y. Group (M) Bhd,Retail,Selangor,Kajang,,,https://www.mrdiy.com,70,not_contacted,,
99 Speed Mart Retail Holdings Bhd,Retail,Selangor,Klang,,,https://www.99speedmart.com.my,70,not_contacted,,
Mydin Mohamed Holdings Bhd,Retail,Kuala Lumpur,KL,,,https://www.mydin.com.my,70,not_contacted,,
Genting Malaysia Bhd,Hospitality,Kuala Lumpur,KL,+603-2718 1118,career@gentingmalaysia.com,https://www.gentingmalaysia.com,70,not_contacted,,
Berjaya Corp Bhd,Hospitality,Kuala Lumpur,KL,,,https://www.berjaya.com,70,not_contacted,,
Eurospan Holdings Bhd,Furniture,Johor,Muar,,,https://www.eurospan.com.my,70,not_contacted,,
Jaycorp Bhd,Furniture,Johor,Muar,,,https://www.jaycorp.com.my,70,not_contacted,,
Ekovest Bhd,Construction,Kuala Lumpur,KL,,,https://www.ekovest.com.my,70,not_contacted,,
Kerjaya Prospek Group Bhd,Construction,Penang,Bayan Lepas,,,https://www.kerjaya.com,70,not_contacted,,
TAHPS Group Bhd (formerly TA Global),Construction,Kuala Lumpur,KL,,,https://www.tahps.com,70,not_contacted,,
Brahim's Holdings Bhd,Agriculture,Selangor,Shah Alam,,,https://www.brahims.com,70,not_contacted,,
Kim Loong Construction,Construction,Penang,,,,,70,not_contacted,,
Setia Awan Jihad Sdn Bhd,Construction,Selangor,,,,,70,not_contacted,,
KHG (M) Bhd,Agriculture,Penang,,,,,70,not_contacted,,
Leong Hup International,Agriculture,Selangor,,,,www.leonghup.com,70,not_contacted,,
Teo Seng Capital Bhd,Agriculture,Perak,,,,www.teoseng.com.my,70,not_contacted,,
Fima Corp Bhd,Agriculture,KL,,,,www.fima.com.my,70,not_contacted,,
Mudajaya Group Bhd,Construction,Selangor,,,,www.mudajaya.com,70,not_contacted,,
MTD ACPI Engineering Bhd,Construction,KL,,,,www.mtdacpi.com,70,not_contacted,,
Gadang Holdings Bhd,Construction,KL,,,,www.gadang.com.my,70,not_contacted,,
Mitrajaya Holdings Bhd,Construction,KL,,,,www.mitrajaya.com,70,not_contacted,,
Zelan Bhd,Construction,KL,,,,www.zelan.com,70,not_contacted,,
Naim Holdings Bhd,Construction,Sarawak,,,,www.naim.com.my,70,not_contacted,,
Sarawak Consolidated,Construction,Sarawak,,,,,70,not_contacted,,
Eco World Development,Construction,KL,,,,www.ecoworld.com.my,70,not_contacted,,
Mah Sing Group Bhd,Construction,KL,,,,www.mahsing.com.my,70,not_contacted,,
UEM Sunrise Bhd,Construction,KL,,,,www.uemsunrise.com,70,not_contacted,,
SP Setia Bhd,Construction,KL,,,,www.spsetia.com,70,not_contacted,,
IOI Properties Group,Construction,Selangor,,,,www.ioiproperties.com.my,70,not_contacted,,
Sunway Bhd,Construction,Selangor,,,,www.sunway.com.my,70,not_contacted,,
Econpile Holdings Bhd,Construction,KL,,,,www.econpile.com,70,not_contacted,,
Kimly Construction Sdn Bhd,Construction,Selangor,,,,,70,not_contacted,,
Haily Group Bhd,Construction,Johor,,,,www.haily.com.my,70,not_contacted,,
Bina Darulaman Bhd,Construction,Kedah,,,,www.bdb.com.my,70,not_contacted,,
JAKS Resources Bhd,Construction,KL,,,,www.jaks.com.my,70,not_contacted,,
Saliran Group Bhd,Construction,Sabah,,,,,70,not_contacted,,
Hock Hin Bros Sdn Bhd,Construction,Sarawak,,,,,70,not_contacted,,
Wee Hur Construction S/B,Construction,Sarawak,,,,,70,not_contacted,,
Sri Aman Construction,Construction,Sarawak,,,,,70,not_contacted,,
WCT Land Sdn Bhd,Construction,Sabah,,,,,70,not_contacted,,
Sime Darby Animal Nutrition,Agriculture,Selangor,,,,,70,not_contacted,,
Dinding Poultry Farm S/B,Agriculture,Perak,,,,,70,not_contacted,,
Tenaga Berjaya Sdn Bhd,Agriculture,Selangor,,,,,70,not_contacted,,
Sea Horse Fish Farm S/B,Agriculture,Johor,,,,,70,not_contacted,,
Green World Genetics S/B,Agriculture,Kedah,,,,,70,not_contacted,,
AYS Ventures Bhd,Construction,KL,,,,www.ays.com.my,70,not_contacted,,
PWF Corp Bhd,Agriculture,Johor,,,,www.pwf.com.my,70,not_contacted,,
Marine Harvest Malaysia,Agriculture,Johor,,,,,70,not_contacted,,
Aqua-Farm Sdn Bhd,Agriculture,Sabah,,,,,70,not_contacted,,
Blue Archipelago Bhd,Agriculture,Terengganu,,,,www.bluearchipelago.com,70,not_contacted,,
Fertilisers Malaysia S/B,Agriculture,Selangor,,,,,70,not_contacted,,
Pos Malaysia Bhd,Services,KL,,,,www.pos.com.my,65,not_contacted,,
Tiong Nam Logistics Holdings,Services,Selangor,,,,www.tiongnam.com.my,65,not_contacted,,
GD Express (GDEX) Bhd,Services,Selangor,,,,www.gdexpress.com,65,not_contacted,,
CJ Century Logistics Holdings,Services,Selangor,,,,www.cjcentury.com.my,65,not_contacted,,
Tasco Bhd,Services,KL,,,,www.tasco.com.my,65,not_contacted,,
FM Global Logistics,Services,KL,,,,www.fmglobal.com.my,65,not_contacted,,
ITL Bhd,Services,KL,,,,www.itl.com.my,65,not_contacted,,
MMC Port Holdings,Services,KL,,,,www.mmcport.com.my,65,not_contacted,,
Northport (M) Bhd,Services,Selangor,,,,www.northport.com.my,65,not_contacted,,
Westports Holdings Bhd,Services,Selangor,,,,www.westports.com.my,65,not_contacted,,
Bintulu Port Holdings,Services,Sarawak,,,,www.bintuluport.com.my,65,not_contacted,,
Suria KLCC,Services,KL,,,,www.suriaklcc.com.my,65,not_contacted,,
KLCC Holdings,Services,KL,,,,www.klcc.com.my,65,not_contacted,,
Shangri-La Hotels (M) Sdn Bhd,Hospitality,KL,,,,www.shangri-la.com,65,not_contacted,,
InterContinental KL,Hospitality,KL,,,,www.ihg.com,65,not_contacted,,
The Ritz-Carlton KL,Hospitality,KL,,,,www.ritzcarlton.com,65,not_contacted,,
Berjaya Hotels & Resorts,Hospitality,KL,,,,www.berjayahotel.com,65,not_contacted,,
YTL Hotels & Properties,Hospitality,KL,,,,www.ytlhotels.com,65,not_contacted,,
Tanjung Aru Development,Hospitality,Sabah,,,,www.tanjungaru.com,65,not_contacted,,
Resorts World Genting,Hospitality,Pahang,,,,www.rwgenting.com,65,not_contacted,,
UEM Edgenta Bhd,Services,KL,,,,www.uemedgenta.com,65,not_contacted,,
Radicare (M) Sdn Bhd,Services,KL,,,,www.radicare.com.my,65,not_contacted,,
Sedafiat Sdn Bhd,Services,KL,,,,www.sedafiat.com.my,65,not_contacted,,
Tunas Manja Sdn Bhd,Services,Selangor,,,,,65,not_contacted,,
ILBS Sdn Bhd,Services,KL,,,,www.ilbs.com.my,65,not_contacted,,
Dorsett Hospitality International,Hospitality,KL,,,,www.dorsett.com.my,65,not_contacted,,
KSL Holdings Bhd,Hospitality,Johor,,,,www.ksl.com.my,65,not_contacted,,
Magnum Bhd,Hospitality,KL,,,,www.magnum.com.my,65,not_contacted,,
Landmarks Bhd,Hospitality,KL,,,,www.landmarks.com.my,65,not_contacted,,
Talisman Hospitality,Hospitality,KL,,,,,65,not_contacted,,
HSS Engineers Bhd,Services,KL,,,,www.hsseng.com,65,not_contacted,,
IJM Land Bhd,Services,Selangor,,,,www.ijmland.com,65,not_contacted,,
Dayang Enterprise Holdings,Services,Sarawak,,,,www.dayang.com.my,65,not_contacted,,
Deleum Bhd,Services,Sarawak,,,,www.deleum.com,65,not_contacted,,
Carimin Petroleum Bhd,Services,KL,,,,www.carimin.com.my,65,not_contacted,,
Barakah Offshore Petroleum,Services,KL,,,,www.barakah.com.my,65,not_contacted,,
Sapura Energy Bhd,Services,KL,,,,www.sapuraenergy.com,65,not_contacted,,
Velesto Energy Bhd,Services,KL,,,,www.velesto.com,65,not_contacted,,
Dialog Group Bhd,Services,KL,,,,www.dialogasia.com,65,not_contacted,,
Serba Dinamik Holdings,Services,Selangor,,,,www.serbadinamik.com,65,not_contacted,,
GSDL Logistics Sdn Bhd,Services,Selangor,,,,,65,not_contacted,,
Swift Haulage Bhd,Services,Selangor,,,,www.swift-haulage.com,65,not_contacted,,
Lingkaran Trans Kota Holdings,Services,KL,,,,www.litrak.com.my,65,not_contacted,,
Puncak Niaga Holdings Bhd,Services,Selangor,,,,www.puncakniaga.com.my,65,not_contacted,,
Salcon Bhd,Services,KL,,,,www.salcon.com.my,65,not_contacted,,
Taliworks Corp Bhd,Services,KL,,,,www.taliworks.com.my,65,not_contacted,,
YTL Corp Bhd,Services,KL,,,,www.ytl.com.my,65,not_contacted,,
Tenaga Nasional Bhd,Services,KL,,,,www.tnb.com.my,65,not_contacted,,
Malakoff Corp Bhd,Services,KL,,,,www.malakoff.com.my,65,not_contacted,,
Kumpulan Perangsang Selangor,Services,Selangor,,,,www.kps.com.my,65,not_contacted,,
Pestech International Bhd,Services,Selangor,,,,www.pestech.com.my,65,not_contacted,,
Flowerbase Hospitality,Hospitality,KL,,,,,65,not_contacted,,
Philea Resort Sdn Bhd,Hospitality,Malacca,,,,,65,not_contacted,,
A'Famosa Resort Sdn Bhd,Hospitality,Malacca,,,,,65,not_contacted,,
Avillion Hotel Group,Hospitality,Selangor,,,,www.avillion.com,65,not_contacted,,
Hotel Equatorial Malaysia,Hospitality,KL,,,,www.equatorial.com.my,65,not_contacted,,
The Andaman Resort,Hospitality,Kedah,,,,,65,not_contacted,,
Datai Bay Resort,Hospitality,Kedah,,,,,65,not_contacted,,
Four Seasons Resort Langkawi,Hospitality,Kedah,,,,www.fourseasons.com,65,not_contacted,,
St Regis KL,Hospitality,KL,,,,www.marriott.com,65,not_contacted,,
KUB Malaysia Bhd,Services,KL,,,,www.kub.com.my,65,not_contacted,,
U-Right Maintenance S/B,Services,KL,,,,,65,not_contacted,,
Prestige Facilities S/B,Services,Selangor,,,,,65,not_contacted,,
Sustain Solutions Sdn Bhd,Services,KL,,,,,65,not_contacted,,
Best Facilities Sdn Bhd,Services,KL,,,,,65,not_contacted,,
Landasan Mewah Sdn Bhd,Services,Penang,,,,,65,not_contacted,,
Pembersihan Mewah S/B,Services,Johor,,,,,65,not_contacted,,
KPJ Healthcare Bhd,Services,KL,,,,www.kpjhealth.com.my,65,not_contacted,,
IHH Healthcare Bhd,Services,KL,,,,www.ihhhealthcare.com,65,not_contacted,,
TMC Life Sciences Bhd,Services,Selangor,,,,www.tmc.com.my,65,not_contacted,,
Island Hospital Sdn Bhd,Services,Penang,,,,www.islandhospital.com,65,not_contacted,,
Loh Guan Lye Specialist,Services,Penang,,,,www.lgl.com.my,65,not_contacted,,
Gleneagles Penang Sdn Bhd,Services,Penang,,,,www.gleneagles.com.my,65,not_contacted,,
Pantai Hospital KL Sdn Bhd,Services,KL,,,,www.pantai.com.my,65,not_contacted,,
Sunway Medical Centre,Services,Selangor,,,,www.sunwaymedical.com,65,not_contacted,,
Subang Jaya Medical Centre,Services,Selangor,,,,www.sjmc.com.my,65,not_contacted,,
Penang Adventist Hospital,Services,Penang,,,,www.pah.com.my,65,not_contacted,,
The Store Corp Bhd,Retail,Selangor,Shah Alam,,,,60,not_contacted,,
Parkson Holdings Bhd,Retail,Kuala Lumpur,KL,,,https://www.parkson.com.my,60,not_contacted,,
Padini Holdings Bhd,Retail,Selangor,Petaling Jaya,,,https://www.padini.com,60,not_contacted,,
B.I.G. (Ben's Independent Grocer),Retail,Selangor,Petaling Jaya,,,https://www.big.com.my,60,not_contacted,,
Lotus's Malaysia (formerly Tesco),Retail,Selangor,Petaling Jaya,,,https://www.lotusstores.my,60,not_contacted,,
Econsave Cash & Carry Sdn Bhd,Retail,Selangor,Klang,,,https://www.econsave.com.my,60,not_contacted,,
KK Supermart & Superstore Sdn Bhd,Retail,Kuala Lumpur,KL,,,https://www.kksupermart.com,60,not_contacted,,
Resorts World Langkawi,Hospitality,Kedah,Langkawi,,,https://www.rwlangkawi.com,60,not_contacted,,
Hilton Malaysia,Hospitality,Various,Various,,,https://www.hilton.com,60,not_contacted,,
Marriott International Malaysia,Hospitality,Various,Various,,,https://www.marriott.com,60,not_contacted,,
Cleaning Service Management Sdn Bhd,Services,Selangor,Petaling Jaya,,,,60,not_contacted,,
UCS Cleaning Services,Services,Selangor,Shah Alam,,,,60,not_contacted,,
Securiforce Sdn Bhd,Security,Kuala Lumpur,KL,,,,60,not_contacted,,
Securexpert Sdn Bhd,Security,Selangor,Petaling Jaya,,,,60,not_contacted,,
ADT Securitas,Security,Selangor,Petaling Jaya,,,,60,not_contacted,,
Gardaworld Malaysia,Security,Selangor,Petaling Jaya,,,https://www.garda.com,60,not_contacted,,
Mah Sing Group (Platinum Sentral),Property,Kuala Lumpur,KL,,,https://www.mahsing.com,60,not_contacted,,
Sp Setia Bhd,Property,Selangor,Shah Alam,,,https://www.spsetia.com,60,not_contacted,,
Eco World Development Group,Property,Selangor,Petaling Jaya,,,https://www.ecoworld.com.my,60,not_contacted,,
Securexcel Sdn Bhd,Security,Selangor,,,,www.securexcel.com.my,55,not_contacted,,
Guardforce Malaysia,Security,KL,,,,www.guardforce.com.my,55,not_contacted,,
7 Days Security Sdn Bhd,Security,KL,,,,,55,not_contacted,,
Wan SH Sam Security,Security,KL,,,,,55,not_contacted,,
Bengkel Sekuriti Sdn Bhd,Security,Selangor,,,,,55,not_contacted,,
Bidar Security Sdn Bhd,Security,KL,,,,,55,not_contacted,,
Pertama Security Sdn Bhd,Security,Selangor,,,,,55,not_contacted,,
Matahari Security Sdn Bhd,Security,KL,,,,,55,not_contacted,,
Global Security Services,Security,Penang,,,,,55,not_contacted,,
Elite Security Services,Security,Johor,,,,,55,not_contacted,,
Prestige Pillar Industries Sdn Bhd,Manufacturing,Selangor,Klang,,,,50,not_contacted,,
Eonmetall Group Bhd,Manufacturing,Kedah,Kulim,,,,50,not_contacted,,
YNH Property Bhd,Construction,Kuala Lumpur,KL,,,,50,not_contacted,,
Talam Transform Bhd,Construction,Kuala Lumpur,KL,,,,50,not_contacted,,
Java Corp Bhd,Manufacturing,Johor,Muar,,,,50,not_contacted,,
Ho Wah Genting Bhd,Manufacturing,Selangor,Shah Alam,,,,50,not_contacted,,
POH Packaging (M) Sdn Bhd,Manufacturing,Selangor,Shah Alam,,,,50,not_contacted,,
Kian Joo Can Factory Bhd,Manufacturing,Selangor,Shah Alam,,,,50,not_contacted,,
Malayan Flour Mills Bhd,Agriculture,Selangor,Petaling Jaya,,,,50,not_contacted,,
PLB Engineering Bhd,Construction,Penang,Butterworth,,,,50,not_contacted,,
Minply Holdings (M) Sdn Bhd,Furniture,Selangor,Klang,,,,50,not_contacted,,
Choo Bee Metal Industries Bhd,Manufacturing,Selangor,Klang,,,,50,not_contacted,,
Mieco Chipboard Bhd,Furniture,Selangor,Klang,,,,50,not_contacted,,
Evergreen Fibreboard Bhd,Furniture,Johor,Batu Pahat,,,,50,not_contacted,,
Daibochi Plastic & Packaging,Manufacturing,Selangor,Shah Alam,,,,50,not_contacted,,
Kossan Precision Components,Manufacturing,Selangor,Klang,,,,50,not_contacted,,
Leong Hup International Bhd,Agriculture,Selangor,Petaling Jaya,,,,50,not_contacted,,
Teo Guan Lee Corp Bhd,Manufacturing,Selangor,Klang,,,,50,not_contacted,,
Tiong Nam Logistics Holdings Bhd,Services,Selangor,Shah Alam,,,,50,not_contacted,,
CSC Steel Holdings Bhd,Manufacturing,Selangor,Petaling Jaya,,,,50,not_contacted,,
LBS Bina Group Bhd,Construction,Selangor,Petaling Jaya,,,,50,not_contacted,,
Lingkaran Trans Kota Holdings Bhd,Services,Selangor,Shah Alam,,,,50,not_contacted,,
Amaya Made Sdn Bhd,Furniture,Johor,Muar,,,,50,not_contacted,,
Sin Kee Furniture Sdn Bhd,Furniture,Johor,Muar,,,,50,not_contacted,,
Hock Tong Furniture Sdn Bhd,Furniture,Johor,Muar,,,,50,not_contacted,,
Quality Furniture (M) Sdn Bhd,Furniture,Johor,Muar,,,,50,not_contacted,,
Shin Yang Furniture Sdn Bhd,Furniture,Sarawak,Kuching,,,,50,not_contacted,,
Maju Furniture Industries Sdn Bhd,Furniture,Selangor,Seremban,,,,50,not_contacted,,
Thessa Furniture Sdn Bhd,Furniture,Johor,Batu Pahat,,,,50,not_contacted,,
Kian Furniture Industries Sdn Bhd,Furniture,Johor,Muar,,,,50,not_contacted,,
Comfort Gloves Bhd,Rubber,Perak,,,,www.comfortgloves.com,50,not_contacted,,
Boustead Holdings Bhd,Retail,KL,,,,www.boustead.com.my,50,not_contacted,,
Hap Seng Consolidated,Retail,KL,,,,www.hapseng.com.my,50,not_contacted,,
MCT Bhd,Retail,Selangor,,,,,50,not_contacted,,
TF Value-Mart Sdn Bhd,Retail,Johor,,,,www.tfvaluemart.com,50,not_contacted,,
Lotus's Malaysia,Retail,KL,,,,www.lotuss.com.my,50,not_contacted,,
Village Grocer,Retail,Selangor,,,,www.villagegrocer.com.my,50,not_contacted,,
Jaya Grocer,Retail,Selangor,,,,www.jayagrocer.com.my,50,not_contacted,,
Hero Market Sdn Bhd,Retail,Selangor,,,,,50,not_contacted,,
Pasaraya OTK Sdn Bhd,Retail,Perak,,,,,50,not_contacted,,
Billion Supermarket S/B,Retail,Sarawak,,,,,50,not_contacted,,
Hock Lee Supermarket,Retail,Sabah,,,,,50,not_contacted,,
Servay Hypermarket,Retail,Sabah,,,,,50,not_contacted,,
Gamuda Land Sdn Bhd,Property,Selangor,,,,www.gamudaland.com.my,50,not_contacted,,
Selangor Dredging Bhd,Property,KL,,,,www.sdb.com.my,50,not_contacted,,
Bukit Kiara Properties,Property,KL,,,,,50,not_contacted,,
Eastern & Oriental Bhd,Property,Penang,,,,www.eo.com.my,50,not_contacted,,
Plenitude Bhd,Property,KL,,,,www.plenitude.com.my,50,not_contacted,,
Tropicana Corp Bhd,Property,Selangor,,,,www.tropicana.com.my,50,not_contacted,,
MKH Bhd,Property,Selangor,,,,www.mkh.com.my,50,not_contacted,,
Hoe Leong Corp Bhd,Property,Selangor,,,,,50,not_contacted,,
Amcorp Properties Bhd,Property,KL,,,,www.amcorpproperties.com,50,not_contacted,,
IGB Corp Bhd,Property,KL,,,,www.igb.com.my,50,not_contacted,,
KLCC Property Holdings,Property,KL,,,,www.klcc.com.my,50,not_contacted,,
Eco World International,Property,KL,,,,www.ecoworldinternational.com,50,not_contacted,,
Matrix Concepts Holdings,Property,Negeri Sembilan,,,,www.matrixconcepts.com,50,not_contacted,,
Tambun Indah Land Bhd,Property,Penang,,,,www.tambunindah.com,50,not_contacted,,
Hunza Properties Bhd,Property,Penang,,,,www.hunzaproperties.com,50,not_contacted,,
Paramount Corp Bhd,Property,Selangor,,,,www.paramount.com.my,50,not_contacted,,
Titijaya Land Bhd,Property,KL,,,,www.titijaya.com.my,50,not_contacted,,
Hap Seng Land Sdn Bhd,Property,KL,,,,,50,not_contacted,,
GuocoLand Malaysia,Property,KL,,,,www.guocoland.com.my,50,not_contacted,,
UOA Development Bhd,Property,KL,,,,www.uoa.com.my,50,not_contacted,,
Pavilion REIT,Property,KL,,,,www.pavilion-reit.com,50,not_contacted,,
Sunway REIT,Property,Selangor,,,,www.sunwayreit.com,50,not_contacted,,
KLCC REIT,Property,KL,,,,www.klcc-reit.com,50,not_contacted,,
IGB REIT,Property,KL,,,,www.igbreit.com,50,not_contacted,,
YTL Hospitality REIT,Property,KL,,,,www.ytlhospitalityreit.com,50,not_contacted,,
Axis REIT,Property,KL,,,,www.axis-reit.com,50,not_contacted,,
LBS REIT,Property,Selangor,,,,,50,not_contacted,,
DKSH Malaysia Sdn Bhd,Services,KL,,,,www.dksh.com.my,50,not_contacted,,
IGB Bhd,Property,KL,,,,www.igb.com.my,50,not_contacted,,
KIP REIT,Property,KL,,,,,50,not_contacted,,
AmanahRaya REIT,Property,KL,,,,,50,not_contacted,,
DNeX Bhd,Services,KL,,,,www.dnex.com.my,50,not_contacted,,
MyEG Services Bhd,Services,KL,,,,www.myeg.com.my,50,not_contacted,,
Cuscapi Bhd,Services,Selangor,,,,www.cuscapi.com,50,not_contacted,,
Silver Ridge Holdings,Services,KL,,,,,50,not_contacted,,
HeiTech Padu Bhd,Services,KL,,,,www.heitechpadu.com,50,not_contacted,,